ID,segment_id,country_id,product_id,discount_id,Units_Sold,Gross_Sales,Sales,COGS,Profit,Date
1,1,1,1,1,1618.5,32370.0,32370.0,16185.0,16185.0,1/1/2014
2,1,2,1,1,1321.0,26420.0,26420.0,13210.0,13210.0,1/1/2014
3,2,3,1,1,2178.0,32670.0,32670.0,21780.0,10890.0,1/6/2014
4,2,2,1,1,888.0,13320.0,13320.0,8880.0,4440.0,1/6/2014
5,2,4,1,1,2470.0,37050.0,37050.0,24700.0,12350.0,1/6/2014
6,1,2,1,1,1513.0,529550.0,529550.0,393380.0,136170.0,1/12/2014
7,2,2,2,1,921.0,13815.0,13815.0,9210.0,4605.0,1/3/2014
8,3,1,2,1,2518.0,30216.0,30216.0,7554.0,22662.0,1/6/2014
9,1,3,2,1,1899.0,37980.0,37980.0,18990.0,18990.0,1/6/2014
10,3,2,2,1,1545.0,18540.0,18540.0,4635.0,13905.0,1/6/2014
11,2,4,2,1,2470.0,37050.0,37050.0,24700.0,12350.0,1/6/2014
12,4,1,2,1,2665.5,333187.5,333187.5,319860.0,13327.5,1/7/2014
13,5,4,2,1,958.0,287400.0,287400.0,239500.0,47900.0,1/8/2014
14,1,2,2,1,2146.0,15022.0,15022.0,10730.0,4292.0,1/9/2014
15,4,1,2,1,345.0,43125.0,43125.0,41400.0,1725.0,1/10/2013
16,2,5,2,1,615.0,9225.0,9225.0,6150.0,3075.0,1/12/2014
17,1,1,3,1,292.0,5840.0,5840.0,2920.0,2920.0,1/2/2014
18,2,4,3,1,974.0,14610.0,14610.0,9740.0,4870.0,1/2/2014
19,3,1,3,1,2518.0,30216.0,30216.0,7554.0,22662.0,1/6/2014
20,1,2,3,1,1006.0,352100.0,352100.0,261560.0,90540.0,1/6/2014
21,3,2,3,1,367.0,4404.0,4404.0,1101.0,3303.0,1/7/2014
22,1,4,3,1,883.0,6181.0,6181.0,4415.0,1766.0,1/8/2014
23,2,3,3,1,549.0,8235.0,8235.0,5490.0,2745.0,1/9/2013
24,5,4,3,1,788.0,236400.0,236400.0,197000.0,39400.0,1/9/2013
25,2,4,3,1,2472.0,37080.0,37080.0,24720.0,12360.0,1/9/2014
26,1,5,3,1,1143.0,8001.0,8001.0,5715.0,2286.0,1/10/2014
27,1,1,3,1,1725.0,603750.0,603750.0,448500.0,155250.0,1/11/2013
28,3,5,3,1,912.0,10944.0,10944.0,2736.0,8208.0,1/11/2013
29,2,1,3,1,2152.0,32280.0,32280.0,21520.0,10760.0,1/12/2013
30,1,1,3,1,1817.0,36340.0,36340.0,18170.0,18170.0,1/12/2014
31,1,2,3,1,1513.0,529550.0,529550.0,393380.0,136170.0,1/12/2014
32,1,4,4,1,1493.0,10451.0,10451.0,7465.0,2986.0,1/1/2014
33,4,3,4,1,1804.0,225500.0,225500.0,216480.0,9020.0,1/2/2014
34,3,2,4,1,2161.0,25932.0,25932.0,6483.0,19449.0,1/3/2014
35,1,2,4,1,1006.0,352100.0,352100.0,261560.0,90540.0,1/6/2014
36,3,2,4,1,1545.0,18540.0,18540.0,4635.0,13905.0,1/6/2014
37,4,5,4,1,2821.0,352625.0,352625.0,338520.0,14105.0,1/8/2014
38,4,1,4,1,345.0,43125.0,43125.0,41400.0,1725.0,1/10/2013
39,5,1,5,1,2001.0,600300.0,600300.0,500250.0,100050.0,1/2/2014
40,3,2,5,1,2838.0,34056.0,34056.0,8514.0,25542.0,1/4/2014
41,2,3,5,1,2178.0,32670.0,32670.0,21780.0,10890.0,1/6/2014
42,2,2,5,1,888.0,13320.0,13320.0,8880.0,4440.0,1/6/2014
43,1,3,5,1,1527.0,534450.0,534450.0,397020.0,137430.0,1/9/2013
44,5,3,5,1,2151.0,645300.0,645300.0,537750.0,107550.0,1/9/2014
45,1,1,5,1,1817.0,36340.0,36340.0,18170.0,18170.0,1/12/2014
46,1,3,6,1,2750.0,962500.0,962500.0,715000.0,247500.0,1/2/2014
47,3,5,6,1,1953.0,23436.0,23436.0,5859.0,17577.0,1/4/2014
48,4,2,6,1,4219.5,527437.5,527437.5,506340.0,21097.5,1/4/2014
49,1,3,6,1,1899.0,37980.0,37980.0,18990.0,18990.0,1/6/2014
50,1,2,6,1,1686.0,11802.0,11802.0,8430.0,3372.0,1/7/2014
51,3,5,6,1,2141.0,25692.0,25692.0,6423.0,19269.0,1/8/2014
52,1,5,6,1,1143.0,8001.0,8001.0,5715.0,2286.0,1/10/2014
53,2,5,6,1,615.0,9225.0,9225.0,6150.0,3075.0,1/12/2014
54,1,3,3,2,3945.0,27615.0,27338.85,19725.0,7613.85,1/1/2014
55,2,3,3,2,2296.0,34440.0,34095.6,22960.0,11135.6,1/2/2014
56,1,3,3,2,1030.0,7210.0,7137.9,5150.0,1987.9,1/5/2014
57,1,3,4,2,639.0,4473.0,4428.27,3195.0,1233.27,1/11/2014
58,1,1,5,2,1326.0,9282.0,9189.18,6630.0,2559.18,1/3/2014
59,3,5,1,2,1858.0,22296.0,22073.04,5574.0,16499.04,1/2/2014
60,1,4,1,2,1210.0,423500.0,419265.0,314600.0,104665.0,1/3/2014
61,1,5,1,2,2529.0,17703.0,17525.97,12645.0,4880.97,1/7/2014
62,3,1,1,2,1445.0,17340.0,17166.6,4335.0,12831.6,1/9/2014
63,4,5,1,2,330.0,41250.0,40837.5,39600.0,1237.5,1/9/2013
64,3,3,1,2,2671.0,32052.0,31731.48,8013.0,23718.48,1/9/2014
65,3,2,1,2,766.0,9192.0,9100.08,2298.0,6802.08,1/10/2013
66,5,4,1,2,494.0,148200.0,146718.0,123500.0,23218.0,1/10/2013
67,1,4,1,2,1397.0,488950.0,484060.5,363220.0,120840.5,1/10/2014
68,1,3,1,2,2155.0,754250.0,746707.5,560300.0,186407.5,1/12/2014
69,2,4,2,2,2214.0,33210.0,32877.9,22140.0,10737.9,1/3/2014
70,5,5,2,2,2301.0,690300.0,683397.0,575250.0,108147.0,1/4/2014
71,1,3,2,2,1375.5,27510.0,27234.9,13755.0,13479.9,1/7/2014
72,1,1,2,2,1830.0,12810.0,12681.9,9150.0,3531.9,1/8/2014
73,5,5,2,2,2498.0,749400.0,741906.0,624500.0,117406.0,1/9/2013
74,4,5,2,2,663.0,82875.0,82046.25,79560.0,2486.25,1/10/2013
75,2,5,3,2,1514.0,22710.0,22482.9,15140.0,7342.9,1/2/2014
76,1,5,3,2,4492.5,31447.5,31133.03,22462.5,8670.53,1/4/2014
77,4,5,3,2,727.0,90875.0,89966.25,87240.0,2726.25,1/6/2014
78,4,3,3,2,787.0,98375.0,97391.25,94440.0,2951.25,1/6/2014
79,4,4,3,2,1823.0,227875.0,225596.25,218760.0,6836.25,1/7/2014
80,2,2,3,2,747.0,11205.0,11092.95,7470.0,3622.95,1/9/2014
81,3,2,3,2,766.0,9192.0,9100.08,2298.0,6802.08,1/10/2013
82,5,5,3,2,2905.0,871500.0,862785.0,726250.0,136535.0,1/11/2014
83,1,3,3,2,2155.0,754250.0,746707.5,560300.0,186407.5,1/12/2014
84,1,3,4,2,3864.0,77280.0,76507.2,38640.0,37867.2,1/4/2014
85,1,4,4,2,362.0,2534.0,2508.66,1810.0,698.66,1/5/2014
86,4,1,4,2,923.0,115375.0,114221.25,110760.0,3461.25,1/8/2014
87,4,5,4,2,663.0,82875.0,82046.25,79560.0,2486.25,1/10/2013
88,1,1,4,2,2092.0,14644.0,14497.56,10460.0,4037.56,1/11/2013
89,1,2,5,2,263.0,1841.0,1822.59,1315.0,507.59,1/3/2014
90,1,1,5,2,943.5,330225.0,326922.75,245310.0,81612.75,1/4/2014
91,4,5,5,2,727.0,90875.0,89966.25,87240.0,2726.25,1/6/2014
92,4,3,5,2,787.0,98375.0,97391.25,94440.0,2951.25,1/6/2014
93,5,2,5,2,986.0,295800.0,292842.0,246500.0,46342.0,1/9/2014
94,5,4,5,2,494.0,148200.0,146718.0,123500.0,23218.0,1/10/2013
95,1,4,5,2,1397.0,488950.0,484060.5,363220.0,120840.5,1/10/2014
96,4,3,5,2,1744.0,218000.0,215820.0,209280.0,6540.0,1/11/2014
97,3,5,6,2,1989.0,23868.0,23629.32,5967.0,17662.32,1/9/2013
98,2,3,6,2,321.0,4815.0,4766.85,3210.0,1556.85,1/11/2013
99,4,1,1,2,742.5,92812.5,90956.25,89100.0,1856.25,1/4/2014
100,3,1,1,2,1295.0,15540.0,15229.2,3885.0,11344.2,1/10/2014
101,5,2,1,2,214.0,64200.0,62916.0,53500.0,9416.0,1/10/2013
102,1,3,1,2,2145.0,15015.0,14714.7,10725.0,3989.7,1/11/2013
103,1,1,1,2,2852.0,998200.0,978236.0,741520.0,236716.0,1/12/2014
104,3,5,2,2,1142.0,13704.0,13429.92,3426.0,10003.92,1/6/2014
105,1,5,2,2,1566.0,31320.0,30693.6,15660.0,15033.6,1/10/2014
106,3,4,2,2,690.0,8280.0,8114.4,2070.0,6044.4,1/11/2014
107,4,4,2,2,1660.0,207500.0,203350.0,199200.0,4150.0,1/11/2013
108,2,1,3,2,2363.0,35445.0,34736.1,23630.0,11106.1,1/2/2014
109,5,3,3,2,918.0,275400.0,269892.0,229500.0,40392.0,1/5/2014
110,5,2,3,2,1728.0,518400.0,508032.0,432000.0,76032.0,1/5/2014
111,3,5,3,2,1142.0,13704.0,13429.92,3426.0,10003.92,1/6/2014
112,4,4,3,2,662.0,82750.0,81095.0,79440.0,1655.0,1/6/2014
113,3,1,3,2,1295.0,15540.0,15229.2,3885.0,11344.2,1/10/2014
114,4,2,3,2,809.0,101125.0,99102.5,97080.0,2022.5,1/10/2013
115,4,4,3,2,2145.0,268125.0,262762.5,257400.0,5362.5,1/10/2013
116,3,3,3,2,1785.0,21420.0,20991.6,5355.0,15636.6,1/11/2013
117,5,1,3,2,1916.0,574800.0,563304.0,479000.0,84304.0,1/12/2014
118,1,1,3,2,2852.0,998200.0,978236.0,741520.0,236716.0,1/12/2014
119,4,1,3,2,2729.0,341125.0,334302.5,327480.0,6822.5,1/12/2014
120,2,5,3,2,1925.0,28875.0,28297.5,19250.0,9047.5,1/12/2013
121,1,5,3,2,2013.0,14091.0,13809.18,10065.0,3744.18,1/12/2013
122,3,3,3,2,1055.0,12660.0,12406.8,3165.0,9241.8,1/12/2014
123,3,4,3,2,1084.0,13008.0,12747.84,3252.0,9495.84,1/12/2014
124,1,5,4,2,1566.0,31320.0,30693.6,15660.0,15033.6,1/10/2014
125,1,2,4,2,2966.0,1038100.0,1017338.0,771160.0,246178.0,1/10/2013
126,1,2,4,2,2877.0,1006950.0,986811.0,748020.0,238791.0,1/10/2014
127,4,2,4,2,809.0,101125.0,99102.5,97080.0,2022.5,1/10/2013
128,4,4,4,2,2145.0,268125.0,262762.5,257400.0,5362.5,1/10/2013
129,3,3,4,2,1055.0,12660.0,12406.8,3165.0,9241.8,1/12/2014
130,1,4,4,2,544.0,10880.0,10662.4,5440.0,5222.4,1/12/2013
131,3,4,4,2,1084.0,13008.0,12747.84,3252.0,9495.84,1/12/2014
132,4,4,5,2,662.0,82750.0,81095.0,79440.0,1655.0,1/6/2014
133,5,2,5,2,214.0,64200.0,62916.0,53500.0,9416.0,1/10/2013
134,1,2,5,2,2877.0,1006950.0,986811.0,748020.0,238791.0,1/10/2014
135,4,1,5,2,2729.0,341125.0,334302.5,327480.0,6822.5,1/12/2014
136,1,5,5,2,266.0,93100.0,91238.0,69160.0,22078.0,1/12/2013
137,1,4,5,2,1940.0,679000.0,665420.0,504400.0,161020.0,1/12/2013
138,5,2,6,2,259.0,77700.0,76146.0,64750.0,11396.0,1/3/2014
139,5,4,6,2,1101.0,330300.0,323694.0,275250.0,48444.0,1/3/2014
140,4,2,6,2,2276.0,284500.0,278810.0,273120.0,5690.0,1/5/2014
141,1,2,6,2,2966.0,1038100.0,1017338.0,771160.0,246178.0,1/10/2013
142,1,5,6,2,1236.0,24720.0,24225.6,12360.0,11865.6,1/11/2014
143,1,3,6,2,941.0,18820.0,18443.6,9410.0,9033.6,1/11/2014
144,5,1,6,2,1916.0,574800.0,563304.0,479000.0,84304.0,1/12/2014
145,4,3,1,2,4243.5,530437.5,514524.38,509220.0,5304.38,1/4/2014
146,1,2,1,2,2580.0,51600.0,50052.0,25800.0,24252.0,1/4/2014
147,5,2,1,2,689.0,206700.0,200499.0,172250.0,28249.0,1/6/2014
148,3,5,1,2,1947.0,23364.0,22663.08,5841.0,16822.08,1/9/2014
149,3,1,1,2,908.0,10896.0,10569.12,2724.0,7845.12,1/12/2013
150,1,2,2,2,1958.0,13706.0,13294.82,9790.0,3504.82,1/2/2014
151,3,3,2,2,1901.0,22812.0,22127.64,5703.0,16424.64,1/6/2014
152,1,3,2,2,544.0,3808.0,3693.76,2720.0,973.76,1/9/2014
153,1,2,2,2,1797.0,628950.0,610081.5,467220.0,142861.5,1/9/2013
154,4,3,2,2,1287.0,160875.0,156048.75,154440.0,1608.75,1/12/2014
155,4,2,2,2,1706.0,213250.0,206852.5,204720.0,2132.5,1/12/2014
156,5,3,3,2,2434.5,730350.0,708439.5,608625.0,99814.5,1/1/2014
157,4,1,3,2,1774.0,221750.0,215097.5,212880.0,2217.5,1/3/2014
158,3,3,3,2,1901.0,22812.0,22127.64,5703.0,16424.64,1/6/2014
159,5,2,3,2,689.0,206700.0,200499.0,172250.0,28249.0,1/6/2014
160,4,2,3,2,1570.0,196250.0,190362.5,188400.0,1962.5,1/6/2014
161,3,5,3,2,1369.5,16434.0,15940.98,4108.5,11832.48,1/7/2014
162,4,1,3,2,2009.0,251125.0,243591.25,241080.0,2511.25,1/10/2014
163,2,2,3,2,1945.0,29175.0,28299.75,19450.0,8849.75,1/10/2013
164,4,3,3,2,1287.0,160875.0,156048.75,154440.0,1608.75,1/12/2014
165,4,2,3,2,1706.0,213250.0,206852.5,204720.0,2132.5,1/12/2014
166,4,1,4,2,2009.0,251125.0,243591.25,241080.0,2511.25,1/10/2014
167,5,5,5,2,2844.0,853200.0,827604.0,711000.0,116604.0,1/2/2014
168,3,4,5,2,1916.0,22992.0,22302.24,5748.0,16554.24,1/4/2014
169,4,2,5,2,1570.0,196250.0,190362.5,188400.0,1962.5,1/6/2014
170,5,1,5,2,1874.0,562200.0,545334.0,468500.0,76834.0,1/8/2014
171,1,4,5,2,1642.0,574700.0,557459.0,426920.0,130539.0,1/8/2014
172,2,2,5,2,1945.0,29175.0,28299.75,19450.0,8849.75,1/10/2013
173,1,1,1,2,831.0,16620.0,16121.4,8310.0,7811.4,1/5/2014
174,1,4,3,2,1760.0,12320.0,11950.4,8800.0,3150.4,1/9/2013
175,1,1,4,2,3850.5,77010.0,74699.7,38505.0,36194.7,1/4/2014
176,3,2,5,2,2479.0,29748.0,28855.56,7437.0,21418.56,1/1/2014
177,2,4,2,2,2031.0,30465.0,29246.4,20310.0,8936.4,1/10/2014
178,2,4,3,2,2031.0,30465.0,29246.4,20310.0,8936.4,1/10/2014
179,2,3,3,2,2261.0,33915.0,32558.4,22610.0,9948.4,1/12/2013
180,1,5,4,2,736.0,14720.0,14131.2,7360.0,6771.2,1/9/2013
181,1,1,1,2,2851.0,19957.0,19158.72,14255.0,4903.72,1/10/2013
182,5,2,1,2,2021.0,606300.0,582048.0,505250.0,76798.0,1/10/2014
183,1,5,1,2,274.0,95900.0,92064.0,71240.0,20824.0,1/12/2014
184,2,1,2,2,1967.0,29505.0,28324.8,19670.0,8654.8,1/3/2014
185,5,2,2,2,1859.0,557700.0,535392.0,464750.0,70642.0,1/8/2014
186,1,1,2,2,2851.0,19957.0,19158.72,14255.0,4903.72,1/10/2013
187,5,2,2,2,2021.0,606300.0,582048.0,505250.0,76798.0,1/10/2014
188,4,4,2,2,1138.0,142250.0,136560.0,136560.0,0.0,1/12/2014
189,1,1,3,2,4251.0,29757.0,28566.72,21255.0,7311.72,1/1/2014
190,4,2,3,2,795.0,99375.0,95400.0,95400.0,0.0,1/3/2014
191,5,2,3,2,1414.5,424350.0,407376.0,353625.0,53751.0,1/4/2014
192,5,5,3,2,2918.0,875400.0,840384.0,729500.0,110884.0,1/5/2014
193,1,5,3,2,3450.0,1207500.0,1159200.0,897000.0,262200.0,1/7/2014
194,4,3,3,2,2988.0,373500.0,358560.0,358560.0,0.0,1/7/2014
195,2,1,3,2,218.0,3270.0,3139.2,2180.0,959.2,1/9/2014
196,1,1,3,2,2074.0,41480.0,39820.8,20740.0,19080.8,1/9/2014
197,1,5,3,2,1056.0,21120.0,20275.2,10560.0,9715.2,1/9/2014
198,2,5,3,2,671.0,10065.0,9662.4,6710.0,2952.4,1/10/2013
199,2,4,3,2,1514.0,22710.0,21801.6,15140.0,6661.6,1/10/2013
200,1,5,3,2,274.0,95900.0,92064.0,71240.0,20824.0,1/12/2014
201,4,4,3,2,1138.0,142250.0,136560.0,136560.0,0.0,1/12/2014
202,3,5,4,2,1465.0,17580.0,16876.8,4395.0,12481.8,1/3/2014
203,1,1,4,2,2646.0,52920.0,50803.2,26460.0,24343.2,1/9/2013
204,1,3,4,2,2177.0,761950.0,731472.0,566020.0,165452.0,1/10/2014
205,3,3,5,2,866.0,10392.0,9976.32,2598.0,7378.32,1/5/2014
206,1,5,5,2,349.0,122150.0,117264.0,90740.0,26524.0,1/9/2013
207,1,3,5,2,2177.0,761950.0,731472.0,566020.0,165452.0,1/10/2014
208,2,4,5,2,1514.0,22710.0,21801.6,15140.0,6661.6,1/10/2013
209,1,4,6,2,1865.0,652750.0,626640.0,484900.0,141740.0,1/2/2014
210,4,4,6,2,1074.0,134250.0,128880.0,128880.0,0.0,1/4/2014
211,1,2,6,2,1907.0,667450.0,640752.0,495820.0,144932.0,1/9/2014
212,2,5,6,2,671.0,10065.0,9662.4,6710.0,2952.4,1/10/2013
213,1,1,6,2,1778.0,622300.0,597408.0,462280.0,135128.0,1/12/2013
214,1,2,2,3,1159.0,8113.0,7707.35,5795.0,1912.35,1/10/2013
215,1,2,3,3,1372.0,9604.0,9123.8,6860.0,2263.8,1/1/2014
216,1,1,3,3,2349.0,16443.0,15620.85,11745.0,3875.85,1/9/2013
217,1,4,3,3,2689.0,18823.0,17881.85,13445.0,4436.85,1/10/2014
218,3,1,3,3,2431.0,29172.0,27713.4,7293.0,20420.4,1/12/2014
219,3,1,4,3,2431.0,29172.0,27713.4,7293.0,20420.4,1/12/2014
220,1,4,5,3,2689.0,18823.0,17881.85,13445.0,4436.85,1/10/2014
221,1,4,6,3,1683.0,11781.0,11191.95,8415.0,2776.95,1/7/2014
222,3,4,6,3,1123.0,13476.0,12802.2,3369.0,9433.2,1/8/2014
223,1,2,6,3,1159.0,8113.0,7707.35,5795.0,1912.35,1/10/2013
224,3,3,1,3,1865.0,22380.0,21261.0,5595.0,15666.0,1/2/2014
225,3,2,1,3,1116.0,13392.0,12722.4,3348.0,9374.4,1/2/2014
226,1,3,1,3,1563.0,31260.0,29697.0,15630.0,14067.0,1/5/2014
227,5,5,1,3,991.0,297300.0,282435.0,247750.0,34685.0,1/6/2014
228,1,2,1,3,1016.0,7112.0,6756.4,5080.0,1676.4,1/11/2013
229,2,4,1,3,2791.0,41865.0,39771.75,27910.0,11861.75,1/11/2014
230,1,5,1,3,570.0,3990.0,3790.5,2850.0,940.5,1/12/2014
231,1,3,1,3,2487.0,17409.0,16538.55,12435.0,4103.55,1/12/2014
232,1,3,2,3,1384.5,484575.0,460346.25,359970.0,100376.25,1/1/2014
233,4,5,2,3,3627.0,453375.0,430706.25,435240.0,-4533.75,1/7/2014
234,1,4,2,3,720.0,252000.0,239400.0,187200.0,52200.0,1/9/2013
235,3,2,2,3,2342.0,28104.0,26698.8,7026.0,19672.8,1/11/2014
236,5,4,2,3,1100.0,330000.0,313500.0,275000.0,38500.0,1/12/2013
237,1,3,3,3,1303.0,26060.0,24757.0,13030.0,11727.0,1/2/2014
238,4,5,3,3,2992.0,374000.0,355300.0,359040.0,-3740.0,1/3/2014
239,4,3,3,3,2385.0,298125.0,283218.75,286200.0,-2981.25,1/3/2014
240,5,4,3,3,1607.0,482100.0,457995.0,401750.0,56245.0,1/4/2014
241,1,5,3,3,2327.0,16289.0,15474.55,11635.0,3839.55,1/5/2014
242,5,5,3,3,991.0,297300.0,282435.0,247750.0,34685.0,1/6/2014
243,1,5,3,3,602.0,210700.0,200165.0,156520.0,43645.0,1/6/2014
244,2,3,3,3,2620.0,39300.0,37335.0,26200.0,11135.0,1/9/2014
245,1,1,3,3,1228.0,429800.0,408310.0,319280.0,89030.0,1/10/2013
246,1,1,3,3,1389.0,27780.0,26391.0,13890.0,12501.0,1/10/2013
247,4,5,3,3,861.0,107625.0,102243.75,103320.0,-1076.25,1/10/2014
248,4,3,3,3,704.0,88000.0,83600.0,84480.0,-880.0,1/10/2013
249,1,1,3,3,1802.0,36040.0,34238.0,18020.0,16218.0,1/12/2013
250,1,5,3,3,2663.0,53260.0,50597.0,26630.0,23967.0,1/12/2014
251,1,3,3,3,2136.0,14952.0,14204.4,10680.0,3524.4,1/12/2013
252,2,2,3,3,2116.0,31740.0,30153.0,21160.0,8993.0,1/12/2013
253,2,5,4,3,555.0,8325.0,7908.75,5550.0,2358.75,1/1/2014
254,2,4,4,3,2861.0,42915.0,40769.25,28610.0,12159.25,1/1/2014
255,4,2,4,3,807.0,100875.0,95831.25,96840.0,-1008.75,1/2/2014
256,1,5,4,3,602.0,210700.0,200165.0,156520.0,43645.0,1/6/2014
257,1,5,4,3,2832.0,56640.0,53808.0,28320.0,25488.0,1/8/2014
258,1,3,4,3,1579.0,31580.0,30001.0,15790.0,14211.0,1/8/2014
259,4,5,4,3,861.0,107625.0,102243.75,103320.0,-1076.25,1/10/2014
260,4,3,4,3,704.0,88000.0,83600.0,84480.0,-880.0,1/10/2013
261,1,3,4,3,1033.0,20660.0,19627.0,10330.0,9297.0,1/12/2013
262,5,2,4,3,1250.0,375000.0,356250.0,312500.0,43750.0,1/12/2014
263,1,1,5,3,1389.0,27780.0,26391.0,13890.0,12501.0,1/10/2013
264,1,5,5,3,1265.0,25300.0,24035.0,12650.0,11385.0,1/11/2013
265,1,2,5,3,2297.0,45940.0,43643.0,22970.0,20673.0,1/11/2013
266,1,5,5,3,2663.0,53260.0,50597.0,26630.0,23967.0,1/12/2014
267,1,5,5,3,570.0,3990.0,3790.5,2850.0,940.5,1/12/2014
268,1,3,5,3,2487.0,17409.0,16538.55,12435.0,4103.55,1/12/2014
269,1,2,6,3,1350.0,472500.0,448875.0,351000.0,97875.0,1/2/2014
270,1,1,6,3,552.0,193200.0,183540.0,143520.0,40020.0,1/8/2014
271,1,1,6,3,1228.0,429800.0,408310.0,319280.0,89030.0,1/10/2013
272,5,2,6,3,1250.0,375000.0,356250.0,312500.0,43750.0,1/12/2014
273,2,3,3,3,3801.0,57015.0,53594.1,38010.0,15584.1,1/4/2014
274,1,5,1,3,1117.5,22350.0,21009.0,11175.0,9834.0,1/1/2014
275,2,1,1,3,2844.0,42660.0,40100.4,28440.0,11660.4,1/6/2014
276,3,4,1,3,562.0,6744.0,6339.36,1686.0,4653.36,1/9/2014
277,3,1,1,3,2299.0,27588.0,25932.72,6897.0,19035.72,1/10/2013
278,2,5,1,3,2030.0,30450.0,28623.0,20300.0,8323.0,1/11/2014
279,1,5,1,3,263.0,1841.0,1730.54,1315.0,415.54,1/11/2013
280,4,2,1,3,887.0,110875.0,104222.5,106440.0,-2217.5,1/12/2013
281,1,4,2,3,980.0,343000.0,322420.0,254800.0,67620.0,1/4/2014
282,1,2,2,3,1460.0,511000.0,480340.0,379600.0,100740.0,1/5/2014
283,1,3,2,3,1403.0,9821.0,9231.74,7015.0,2216.74,1/10/2013
284,3,5,2,3,2723.0,32676.0,30715.44,8169.0,22546.44,1/11/2014
285,1,3,3,3,1496.0,523600.0,492184.0,388960.0,103224.0,1/6/2014
286,3,1,3,3,2299.0,27588.0,25932.72,6897.0,19035.72,1/10/2013
287,1,5,3,3,727.0,254450.0,239183.0,189020.0,50163.0,1/10/2013
288,4,1,4,3,952.0,119000.0,111860.0,114240.0,-2380.0,1/2/2014
289,4,5,4,3,2755.0,344375.0,323712.5,330600.0,-6887.5,1/2/2014
290,2,2,4,3,1530.0,22950.0,21573.0,15300.0,6273.0,1/5/2014
291,1,3,4,3,1496.0,523600.0,492184.0,388960.0,103224.0,1/6/2014
292,1,4,4,3,1498.0,10486.0,9856.84,7490.0,2366.84,1/6/2014
293,5,3,4,3,1221.0,366300.0,344322.0,305250.0,39072.0,1/10/2013
294,1,3,4,3,2076.0,726600.0,683004.0,539760.0,143244.0,1/10/2013
295,2,1,5,3,2844.0,42660.0,40100.4,28440.0,11660.4,1/6/2014
296,1,4,5,3,1498.0,10486.0,9856.84,7490.0,2366.84,1/6/2014
297,5,3,5,3,1221.0,366300.0,344322.0,305250.0,39072.0,1/10/2013
298,1,4,5,3,1123.0,22460.0,21112.4,11230.0,9882.4,1/11/2013
299,5,1,5,3,2436.0,730800.0,686952.0,609000.0,77952.0,1/12/2013
300,4,3,6,3,1987.5,248437.5,233531.25,238500.0,-4968.75,1/1/2014
301,1,4,6,3,1679.0,587650.0,552391.0,436540.0,115851.0,1/9/2014
302,1,5,6,3,727.0,254450.0,239183.0,189020.0,50163.0,1/10/2013
303,1,3,6,3,1403.0,9821.0,9231.74,7015.0,2216.74,1/10/2013
304,1,3,6,3,2076.0,726600.0,683004.0,539760.0,143244.0,1/10/2013
305,1,3,2,3,1757.0,35140.0,33031.6,17570.0,15461.6,1/10/2013
306,2,5,3,3,2198.0,32970.0,30991.8,21980.0,9011.8,1/8/2014
307,2,2,3,3,1743.0,26145.0,24576.3,17430.0,7146.3,1/8/2014
308,2,5,3,3,1153.0,17295.0,16257.3,11530.0,4727.3,1/10/2014
309,1,3,3,3,1757.0,35140.0,33031.6,17570.0,15461.6,1/10/2013
310,1,2,4,3,1001.0,20020.0,18818.8,10010.0,8808.8,1/8/2014
311,1,4,4,3,1333.0,9331.0,8771.14,6665.0,2106.14,1/11/2014
312,2,5,5,3,1153.0,17295.0,16257.3,11530.0,4727.3,1/10/2014
313,3,4,1,3,727.0,8724.0,8113.32,2181.0,5932.32,1/2/2014
314,3,1,1,3,1884.0,22608.0,21025.44,5652.0,15373.44,1/8/2014
315,1,4,1,3,1834.0,36680.0,34112.4,18340.0,15772.4,1/9/2013
316,3,4,2,3,2340.0,28080.0,26114.4,7020.0,19094.4,1/1/2014
317,3,3,2,3,2342.0,28104.0,26136.72,7026.0,19110.72,1/11/2014
318,1,3,3,3,1031.0,7217.0,6711.81,5155.0,1556.81,1/9/2013
319,2,1,4,3,1262.0,18930.0,17604.9,12620.0,4984.9,1/5/2014
320,1,1,4,3,1135.0,7945.0,7388.85,5675.0,1713.85,1/6/2014
321,1,5,4,3,547.0,3829.0,3560.97,2735.0,825.97,1/11/2014
322,1,1,4,3,1582.0,11074.0,10298.82,7910.0,2388.82,1/12/2014
323,3,3,5,3,1738.5,20862.0,19401.66,5215.5,14186.16,1/4/2014
324,3,2,5,3,2215.0,26580.0,24719.4,6645.0,18074.4,1/9/2013
325,1,1,5,3,1582.0,11074.0,10298.82,7910.0,2388.82,1/12/2014
326,1,1,6,3,1135.0,7945.0,7388.85,5675.0,1713.85,1/6/2014
327,1,5,1,3,1761.0,616350.0,573205.5,457860.0,115345.5,1/3/2014
328,5,3,1,3,448.0,134400.0,124992.0,112000.0,12992.0,1/6/2014
329,5,3,1,3,2181.0,654300.0,608499.0,545250.0,63249.0,1/10/2014
330,1,3,2,3,1976.0,39520.0,36753.6,19760.0,16993.6,1/10/2014
331,5,3,2,3,2181.0,654300.0,608499.0,545250.0,63249.0,1/10/2014
332,4,2,2,3,2500.0,312500.0,290625.0,300000.0,-9375.0,1/11/2013
333,5,1,3,3,1702.0,510600.0,474858.0,425500.0,49358.0,1/5/2014
334,5,3,3,3,448.0,134400.0,124992.0,112000.0,12992.0,1/6/2014
335,4,2,3,3,3513.0,439125.0,408386.25,421560.0,-13173.75,1/7/2014
336,2,3,3,3,2101.0,31515.0,29308.95,21010.0,8298.95,1/8/2014
337,2,5,3,3,2931.0,43965.0,40887.45,29310.0,11577.45,1/9/2013
338,1,3,3,3,1535.0,30700.0,28551.0,15350.0,13201.0,1/9/2014
339,5,2,3,3,1123.0,336900.0,313317.0,280750.0,32567.0,1/9/2013
340,5,1,3,3,1404.0,421200.0,391716.0,351000.0,40716.0,1/11/2013
341,3,4,3,3,2763.0,33156.0,30835.08,8289.0,22546.08,1/11/2013
342,1,2,3,3,2125.0,14875.0,13833.75,10625.0,3208.75,1/12/2013
343,5,3,4,3,1659.0,497700.0,462861.0,414750.0,48111.0,1/7/2014
344,1,4,4,3,609.0,12180.0,11327.4,6090.0,5237.4,1/8/2014
345,4,2,4,3,2087.0,260875.0,242613.75,250440.0,-7826.25,1/9/2014
346,1,3,4,3,1976.0,39520.0,36753.6,19760.0,16993.6,1/10/2014
347,1,5,4,3,1421.0,28420.0,26430.6,14210.0,12220.6,1/12/2013
348,5,5,4,3,1372.0,411600.0,382788.0,343000.0,39788.0,1/12/2014
349,1,2,4,3,588.0,11760.0,10936.8,5880.0,5056.8,1/12/2013
350,3,1,5,3,3244.5,38934.0,36208.62,9733.5,26475.12,1/1/2014
351,5,3,5,3,959.0,287700.0,267561.0,239750.0,27811.0,1/2/2014
352,5,4,5,3,2747.0,824100.0,766413.0,686750.0,79663.0,1/2/2014
353,4,1,6,3,1645.0,205625.0,191231.25,197400.0,-6168.75,1/5/2014
354,1,3,6,3,2876.0,1006600.0,936138.0,747760.0,188378.0,1/9/2014
355,4,2,6,3,994.0,124250.0,115552.5,119280.0,-3727.5,1/9/2013
356,1,1,6,3,1118.0,22360.0,20794.8,11180.0,9614.8,1/11/2014
357,5,5,6,3,1372.0,411600.0,382788.0,343000.0,39788.0,1/12/2014
358,1,1,2,3,488.0,3416.0,3142.72,2440.0,702.72,1/2/2014
359,1,5,2,3,1282.0,25640.0,23588.8,12820.0,10768.8,1/6/2014
360,1,1,3,3,257.0,1799.0,1655.08,1285.0,370.08,1/5/2014
361,1,5,6,3,1282.0,25640.0,23588.8,12820.0,10768.8,1/6/2014
362,4,4,1,3,1540.0,192500.0,177100.0,184800.0,-7700.0,1/8/2014
363,2,3,1,3,490.0,7350.0,6762.0,4900.0,1862.0,1/11/2014
364,1,4,1,3,1362.0,476700.0,438564.0,354120.0,84444.0,1/12/2014
365,2,3,2,3,2501.0,37515.0,34513.8,25010.0,9503.8,1/3/2014
366,1,1,2,3,708.0,14160.0,13027.2,7080.0,5947.2,1/6/2014
367,1,2,2,3,645.0,12900.0,11868.0,6450.0,5418.0,1/7/2014
368,5,3,2,3,1562.0,468600.0,431112.0,390500.0,40612.0,1/8/2014
369,5,1,2,3,1283.0,384900.0,354108.0,320750.0,33358.0,1/9/2013
370,2,2,2,3,711.0,10665.0,9811.8,7110.0,2701.8,1/12/2014
371,4,4,3,3,1114.0,139250.0,128110.0,133680.0,-5570.0,1/3/2014
372,1,2,3,3,1259.0,8813.0,8107.96,6295.0,1812.96,1/4/2014
373,1,2,3,3,1095.0,7665.0,7051.8,5475.0,1576.8,1/5/2014
374,1,2,3,3,1366.0,27320.0,25134.4,13660.0,11474.4,1/6/2014
375,5,4,3,3,2460.0,738000.0,678960.0,615000.0,63960.0,1/6/2014
376,1,5,3,3,678.0,4746.0,4366.32,3390.0,976.32,1/8/2014
377,1,2,3,3,1598.0,11186.0,10291.12,7990.0,2301.12,1/8/2014
378,1,2,3,3,2409.0,16863.0,15513.96,12045.0,3468.96,1/9/2013
379,1,2,3,3,1934.0,38680.0,35585.6,19340.0,16245.6,1/9/2014
380,1,4,3,3,2993.0,59860.0,55071.2,29930.0,25141.2,1/9/2014
381,1,2,3,3,2146.0,751100.0,691012.0,557960.0,133052.0,1/11/2013
382,1,4,3,3,1946.0,13622.0,12532.24,9730.0,2802.24,1/12/2013
383,1,4,3,3,1362.0,476700.0,438564.0,354120.0,84444.0,1/12/2014
384,3,1,4,3,598.0,7176.0,6601.92,1794.0,4807.92,1/3/2014
385,1,5,4,3,2907.0,20349.0,18721.08,14535.0,4186.08,1/6/2014
386,1,2,4,3,2338.0,16366.0,15056.72,11690.0,3366.72,1/6/2014
387,5,3,4,3,386.0,115800.0,106536.0,96500.0,10036.0,1/11/2013
388,5,4,4,3,635.0,190500.0,175260.0,158750.0,16510.0,1/12/2014
389,1,3,5,3,574.5,201075.0,184989.0,149370.0,35619.0,1/4/2014
390,1,2,5,3,2338.0,16366.0,15056.72,11690.0,3366.72,1/6/2014
391,1,3,5,3,381.0,133350.0,122682.0,99060.0,23622.0,1/8/2014
392,1,2,5,3,422.0,147700.0,135884.0,109720.0,26164.0,1/8/2014
393,5,1,5,3,2134.0,640200.0,588984.0,533500.0,55484.0,1/9/2014
394,5,5,5,3,808.0,242400.0,223008.0,202000.0,21008.0,1/12/2013
395,1,1,6,3,708.0,14160.0,13027.2,7080.0,5947.2,1/6/2014
396,1,5,6,3,2907.0,20349.0,18721.08,14535.0,4186.08,1/6/2014
397,1,2,6,3,1366.0,27320.0,25134.4,13660.0,11474.4,1/6/2014
398,5,4,6,3,2460.0,738000.0,678960.0,615000.0,63960.0,1/6/2014
399,1,2,6,3,1520.0,30400.0,27968.0,15200.0,12768.0,1/11/2014
400,2,2,6,3,711.0,10665.0,9811.8,7110.0,2701.8,1/12/2014
401,3,4,6,3,1375.0,16500.0,15180.0,4125.0,11055.0,1/12/2013
402,5,4,6,3,635.0,190500.0,175260.0,158750.0,16510.0,1/12/2014
403,1,5,5,3,436.5,8730.0,8031.6,4365.0,3666.6,1/7/2014
404,5,1,1,3,1094.0,328200.0,298662.0,273500.0,25162.0,1/6/2014
405,3,4,1,3,367.0,4404.0,4007.64,1101.0,2906.64,1/10/2013
406,5,1,2,3,3802.5,1140750.0,1038082.5,950625.0,87457.5,1/4/2014
407,1,3,2,3,1666.0,583100.0,530621.0,433160.0,97461.0,1/5/2014
408,5,3,2,3,322.0,96600.0,87906.0,80500.0,7406.0,1/9/2013
409,3,1,2,3,2321.0,27852.0,25345.32,6963.0,18382.32,1/11/2014
410,4,3,2,3,1857.0,232125.0,211233.75,222840.0,-11606.25,1/11/2013
411,1,1,2,3,1611.0,11277.0,10262.07,8055.0,2207.07,1/12/2013
412,4,5,2,3,2797.0,349625.0,318158.75,335640.0,-17481.25,1/12/2014
413,5,2,2,3,334.0,100200.0,91182.0,83500.0,7682.0,1/12/2013
414,5,4,3,3,2565.0,769500.0,700245.0,641250.0,58995.0,1/1/2014
415,1,4,3,3,2417.0,845950.0,769814.5,628420.0,141394.5,1/1/2014
416,2,5,3,3,3675.0,55125.0,50163.75,36750.0,13413.75,1/4/2014
417,5,1,3,3,1094.0,328200.0,298662.0,273500.0,25162.0,1/6/2014
418,2,3,3,3,1227.0,18405.0,16748.55,12270.0,4478.55,1/10/2014
419,3,4,3,3,367.0,4404.0,4007.64,1101.0,2906.64,1/10/2013
420,5,3,3,3,1324.0,397200.0,361452.0,331000.0,30452.0,1/11/2014
421,3,2,3,3,1775.0,21300.0,19383.0,5325.0,14058.0,1/11/2013
422,4,5,3,3,2797.0,349625.0,318158.75,335640.0,-17481.25,1/12/2014
423,2,4,4,3,245.0,3675.0,3344.25,2450.0,894.25,1/5/2014
424,5,1,4,3,3793.5,1138050.0,1035625.5,948375.0,87250.5,1/7/2014
425,1,2,4,3,1307.0,457450.0,416279.5,339820.0,76459.5,1/7/2014
426,4,1,4,3,567.0,70875.0,64496.25,68040.0,-3543.75,1/9/2014
427,4,4,4,3,2110.0,263750.0,240012.5,253200.0,-13187.5,1/9/2014
428,1,1,4,3,1269.0,444150.0,404176.5,329940.0,74236.5,1/10/2014
429,3,5,5,3,1956.0,23472.0,21359.52,5868.0,15491.52,1/1/2014
430,5,2,5,3,2659.0,797700.0,725907.0,664750.0,61157.0,1/2/2014
431,1,5,5,3,1351.5,473025.0,430452.75,351390.0,79062.75,1/4/2014
432,3,2,5,3,880.0,10560.0,9609.6,2640.0,6969.6,1/5/2014
433,5,5,5,3,1867.0,560100.0,509691.0,466750.0,42941.0,1/9/2014
434,3,3,5,3,2234.0,26808.0,24395.28,6702.0,17693.28,1/9/2013
435,2,3,5,3,1227.0,18405.0,16748.55,12270.0,4478.55,1/10/2014
436,4,4,5,3,877.0,109625.0,99758.75,105240.0,-5481.25,1/11/2014
437,1,5,6,3,2071.0,724850.0,659613.5,538460.0,121153.5,1/9/2014
438,1,1,6,3,1269.0,444150.0,404176.5,329940.0,74236.5,1/10/2014
439,2,2,6,3,970.0,14550.0,13240.5,9700.0,3540.5,1/11/2013
440,1,4,6,3,1694.0,33880.0,30830.8,16940.0,13890.8,1/11/2014
441,1,2,1,3,663.0,13260.0,12066.6,6630.0,5436.6,1/5/2014
442,1,1,1,3,819.0,5733.0,5217.03,4095.0,1122.03,1/7/2014
443,3,2,1,3,1580.0,18960.0,17253.6,4740.0,12513.6,1/9/2014
444,1,4,1,3,521.0,3647.0,3318.77,2605.0,713.77,1/12/2014
445,1,5,3,3,973.0,19460.0,17708.6,9730.0,7978.6,1/3/2014
446,1,4,3,3,1038.0,20760.0,18891.6,10380.0,8511.6,1/6/2014
447,1,2,3,3,360.0,2520.0,2293.2,1800.0,493.2,1/10/2014
448,3,3,4,3,1967.0,23604.0,21479.64,5901.0,15578.64,1/3/2014
449,2,4,4,3,2628.0,39420.0,35872.2,26280.0,9592.2,1/4/2014
450,1,2,5,3,360.0,2520.0,2293.2,1800.0,493.2,1/10/2014
451,1,3,5,3,2682.0,53640.0,48812.4,26820.0,21992.4,1/11/2013
452,1,4,5,3,521.0,3647.0,3318.77,2605.0,713.77,1/12/2014
453,1,4,6,3,1038.0,20760.0,18891.6,10380.0,8511.6,1/6/2014
454,2,1,6,3,1630.5,24457.5,22256.33,16305.0,5951.33,1/7/2014
455,3,3,6,3,306.0,3672.0,3341.52,918.0,2423.52,1/12/2013
456,3,5,1,4,386.0,4632.0,4168.8,1158.0,3010.8,1/10/2013
457,1,5,2,4,2328.0,16296.0,14666.4,11640.0,3026.4,1/9/2014
458,3,5,3,4,386.0,4632.0,4168.8,1158.0,3010.8,1/10/2013
459,4,5,1,4,3445.5,430687.5,387618.75,413460.0,-25841.25,1/4/2014
460,4,3,1,4,1482.0,185250.0,166725.0,177840.0,-11115.0,1/12/2013
461,1,5,2,4,2313.0,809550.0,728595.0,601380.0,127215.0,1/5/2014
462,4,5,2,4,1804.0,225500.0,202950.0,216480.0,-13530.0,1/11/2013
463,2,3,2,4,2072.0,31080.0,27972.0,20720.0,7252.0,1/12/2014
464,1,3,3,4,1954.0,39080.0,35172.0,19540.0,15632.0,1/3/2014
465,5,4,3,4,591.0,177300.0,159570.0,147750.0,11820.0,1/5/2014
466,2,3,3,4,2167.0,32505.0,29254.5,21670.0,7584.5,1/10/2013
467,1,2,3,4,241.0,4820.0,4338.0,2410.0,1928.0,1/10/2014
468,2,2,4,4,681.0,10215.0,9193.5,6810.0,2383.5,1/1/2014
469,2,2,4,4,510.0,7650.0,6885.0,5100.0,1785.0,1/4/2014
470,2,5,4,4,790.0,11850.0,10665.0,7900.0,2765.0,1/5/2014
471,1,3,4,4,639.0,223650.0,201285.0,166140.0,35145.0,1/7/2014
472,4,5,4,4,1596.0,199500.0,179550.0,191520.0,-11970.0,1/9/2014
473,5,5,4,4,2294.0,688200.0,619380.0,573500.0,45880.0,1/10/2013
474,1,2,4,4,241.0,4820.0,4338.0,2410.0,1928.0,1/10/2014
475,1,2,4,4,2665.0,18655.0,16789.5,13325.0,3464.5,1/11/2014
476,4,1,4,4,1916.0,239500.0,215550.0,229920.0,-14370.0,1/12/2013
477,5,3,4,4,853.0,255900.0,230310.0,213250.0,17060.0,1/12/2014
478,4,4,5,4,341.0,42625.0,38362.5,40920.0,-2557.5,1/5/2014
479,2,4,5,4,641.0,9615.0,8653.5,6410.0,2243.5,1/7/2014
480,1,5,5,4,2807.0,982450.0,884205.0,729820.0,154385.0,1/8/2014
481,5,4,5,4,432.0,129600.0,116640.0,108000.0,8640.0,1/9/2014
482,5,5,5,4,2294.0,688200.0,619380.0,573500.0,45880.0,1/10/2013
483,2,3,5,4,2167.0,32505.0,29254.5,21670.0,7584.5,1/10/2013
484,4,1,5,4,2529.0,316125.0,284512.5,303480.0,-18967.5,1/11/2014
485,1,2,5,4,1870.0,654500.0,589050.0,486200.0,102850.0,1/12/2013
486,4,5,6,4,579.0,72375.0,65137.5,69480.0,-4342.5,1/1/2014
487,1,1,6,4,2240.0,784000.0,705600.0,582400.0,123200.0,1/2/2014
488,5,5,6,4,2993.0,897900.0,808110.0,748250.0,59860.0,1/3/2014
489,3,1,6,4,3520.5,42246.0,38021.4,10561.5,27459.9,1/4/2014
490,1,4,6,4,2039.0,40780.0,36702.0,20390.0,16312.0,1/5/2014
491,3,2,6,4,2574.0,30888.0,27799.2,7722.0,20077.2,1/8/2014
492,1,1,6,4,707.0,247450.0,222705.0,183820.0,38885.0,1/9/2014
493,2,3,6,4,2072.0,31080.0,27972.0,20720.0,7252.0,1/12/2014
494,5,3,6,4,853.0,255900.0,230310.0,213250.0,17060.0,1/12/2014
495,3,3,1,4,1198.0,14376.0,12794.64,3594.0,9200.64,1/10/2013
496,1,3,3,4,2532.0,17724.0,15774.36,12660.0,3114.36,1/4/2014
497,3,3,3,4,1198.0,14376.0,12794.64,3594.0,9200.64,1/10/2013
498,2,1,4,4,384.0,5760.0,5126.4,3840.0,1286.4,1/1/2014
499,3,2,4,4,472.0,5664.0,5040.96,1416.0,3624.96,1/10/2014
500,1,5,5,4,1579.0,11053.0,9837.17,7895.0,1942.17,1/3/2014
501,3,4,5,4,1005.0,12060.0,10733.4,3015.0,7718.4,1/9/2013
502,2,5,6,4,3199.5,47992.5,42713.33,31995.0,10718.33,1/7/2014
503,3,2,6,4,472.0,5664.0,5040.96,1416.0,3624.96,1/10/2014
504,3,1,1,4,1937.0,23244.0,20687.16,5811.0,14876.16,1/2/2014
505,1,2,1,4,792.0,277200.0,246708.0,205920.0,40788.0,1/3/2014
506,5,2,1,4,2811.0,843300.0,750537.0,702750.0,47787.0,1/7/2014
507,4,3,1,4,2441.0,305125.0,271561.25,292920.0,-21358.75,1/10/2014
508,2,1,1,4,1560.0,23400.0,20826.0,15600.0,5226.0,1/11/2013
509,1,4,1,4,2706.0,18942.0,16858.38,13530.0,3328.38,1/11/2013
510,1,2,2,4,766.0,268100.0,238609.0,199160.0,39449.0,1/1/2014
511,1,2,2,4,2992.0,59840.0,53257.6,29920.0,23337.6,1/10/2013
512,2,4,2,4,2157.0,32355.0,28795.95,21570.0,7225.95,1/12/2014
513,5,1,3,4,873.0,261900.0,233091.0,218250.0,14841.0,1/1/2014
514,1,4,3,4,1122.0,22440.0,19971.6,11220.0,8751.6,1/3/2014
515,1,1,3,4,2104.5,736575.0,655551.75,547170.0,108381.75,1/7/2014
516,3,1,3,4,4026.0,48312.0,42997.68,12078.0,30919.68,1/7/2014
517,3,3,3,4,2425.5,29106.0,25904.34,7276.5,18627.84,1/7/2014
518,1,1,3,4,2394.0,47880.0,42613.2,23940.0,18673.2,1/8/2014
519,2,4,3,4,1984.0,29760.0,26486.4,19840.0,6646.4,1/8/2014
520,4,3,3,4,2441.0,305125.0,271561.25,292920.0,-21358.75,1/10/2014
521,1,2,3,4,2992.0,59840.0,53257.6,29920.0,23337.6,1/10/2013
522,5,1,3,4,1366.0,409800.0,364722.0,341500.0,23222.0,1/11/2014
523,1,3,4,4,2805.0,56100.0,49929.0,28050.0,21879.0,1/9/2013
524,2,4,4,4,655.0,9825.0,8744.25,6550.0,2194.25,1/9/2013
525,1,4,4,4,344.0,120400.0,107156.0,89440.0,17716.0,1/10/2013
526,1,1,4,4,1808.0,12656.0,11263.84,9040.0,2223.84,1/11/2014
527,3,3,5,4,1734.0,20808.0,18519.12,5202.0,13317.12,1/1/2014
528,4,4,5,4,554.0,69250.0,61632.5,66480.0,-4847.5,1/1/2014
529,1,1,5,4,2935.0,58700.0,52243.0,29350.0,22893.0,1/11/2013
530,4,2,6,4,3165.0,395625.0,352106.25,379800.0,-27693.75,1/1/2014
531,1,4,6,4,2629.0,52580.0,46796.2,26290.0,20506.2,1/1/2014
532,4,3,6,4,1433.0,179125.0,159421.25,171960.0,-12538.75,1/5/2014
533,4,4,6,4,947.0,118375.0,105353.75,113640.0,-8286.25,1/9/2013
534,1,4,6,4,344.0,120400.0,107156.0,89440.0,17716.0,1/10/2013
535,2,4,6,4,2157.0,32355.0,28795.95,21570.0,7225.95,1/12/2014
536,1,5,3,4,380.0,2660.0,2367.4,1900.0,467.4,1/9/2013
537,1,4,1,4,886.0,310100.0,272888.0,230360.0,42528.0,1/6/2014
538,4,1,1,4,2416.0,302000.0,265760.0,289920.0,-24160.0,1/9/2013
539,4,4,1,4,2156.0,269500.0,237160.0,258720.0,-21560.0,1/10/2014
540,2,1,1,4,2689.0,40335.0,35494.8,26890.0,8604.8,1/11/2014
541,2,5,2,4,677.0,10155.0,8936.4,6770.0,2166.4,1/3/2014
542,5,3,2,4,1773.0,531900.0,468072.0,443250.0,24822.0,1/4/2014
543,1,4,2,4,2420.0,16940.0,14907.2,12100.0,2807.2,1/9/2014
544,1,1,2,4,2734.0,19138.0,16841.44,13670.0,3171.44,1/10/2014
545,1,4,2,4,1715.0,34300.0,30184.0,17150.0,13034.0,1/10/2013
546,5,3,2,4,1186.0,355800.0,313104.0,296500.0,16604.0,1/12/2013
547,5,5,3,4,3495.0,1048500.0,922680.0,873750.0,48930.0,1/1/2014
548,1,4,3,4,886.0,310100.0,272888.0,230360.0,42528.0,1/6/2014
549,4,4,3,4,2156.0,269500.0,237160.0,258720.0,-21560.0,1/10/2014
550,1,4,3,4,905.0,18100.0,15928.0,9050.0,6878.0,1/10/2014
551,1,4,3,4,1715.0,34300.0,30184.0,17150.0,13034.0,1/10/2013
552,1,3,3,4,1594.0,557900.0,490952.0,414440.0,76512.0,1/11/2014
553,5,2,3,4,1359.0,407700.0,358776.0,339750.0,19026.0,1/11/2014
554,5,4,3,4,2150.0,645000.0,567600.0,537500.0,30100.0,1/11/2014
555,1,4,3,4,1197.0,418950.0,368676.0,311220.0,57456.0,1/11/2014
556,2,4,3,4,380.0,5700.0,5016.0,3800.0,1216.0,1/12/2013
557,1,4,3,4,1233.0,24660.0,21700.8,12330.0,9370.8,1/12/2014
558,1,4,4,4,1395.0,488250.0,429660.0,362700.0,66960.0,1/7/2014
559,1,5,4,4,986.0,345100.0,303688.0,256360.0,47328.0,1/10/2014
560,1,4,4,4,905.0,18100.0,15928.0,9050.0,6878.0,1/10/2014
561,3,1,5,4,2109.0,25308.0,22271.04,6327.0,15944.04,1/5/2014
562,2,3,5,4,3874.5,58117.5,51143.4,38745.0,12398.4,1/7/2014
563,1,1,5,4,623.0,218050.0,191884.0,161980.0,29904.0,1/9/2013
564,1,5,5,4,986.0,345100.0,303688.0,256360.0,47328.0,1/10/2014
565,4,5,5,4,2387.0,298375.0,262570.0,286440.0,-23870.0,1/11/2014
566,1,4,5,4,1233.0,24660.0,21700.8,12330.0,9370.8,1/12/2014
567,1,5,6,4,270.0,94500.0,83160.0,70200.0,12960.0,1/2/2014
568,1,3,6,4,3421.5,23950.5,21076.44,17107.5,3968.94,1/7/2014
569,1,1,6,4,2734.0,19138.0,16841.44,13670.0,3171.44,1/10/2014
570,2,5,6,4,2548.0,38220.0,33633.6,25480.0,8153.6,1/11/2013
571,1,3,1,4,2521.5,50430.0,44378.4,25215.0,19163.4,1/1/2014
572,3,4,2,4,2661.0,31932.0,28100.16,7983.0,20117.16,1/5/2014
573,1,2,3,4,1531.0,30620.0,26945.6,15310.0,11635.6,1/12/2014
574,1,3,5,4,1491.0,10437.0,9184.56,7455.0,1729.56,1/3/2014
575,1,2,5,4,1531.0,30620.0,26945.6,15310.0,11635.6,1/12/2014
576,3,1,6,4,2761.0,33132.0,29156.16,8283.0,20873.16,1/9/2013
577,2,5,1,4,2567.0,38505.0,33499.35,25670.0,7829.35,1/6/2014
578,2,5,5,4,2567.0,38505.0,33499.35,25670.0,7829.35,1/6/2014
579,1,1,1,4,923.0,323050.0,281053.5,239980.0,41073.5,1/3/2014
580,1,3,1,4,1790.0,626500.0,545055.0,465400.0,79655.0,1/3/2014
581,1,2,1,4,442.0,8840.0,7690.8,4420.0,3270.8,1/9/2013
582,1,5,2,4,982.5,343875.0,299171.25,255450.0,43721.25,1/1/2014
583,1,5,2,4,1298.0,9086.0,7904.82,6490.0,1414.82,1/2/2014
584,3,4,2,4,604.0,7248.0,6305.76,1812.0,4493.76,1/6/2014
585,1,4,2,4,2255.0,45100.0,39237.0,22550.0,16687.0,1/7/2014
586,1,1,2,4,1249.0,24980.0,21732.6,12490.0,9242.6,1/10/2014
587,1,5,3,4,1438.5,10069.5,8760.47,7192.5,1567.97,1/1/2014
588,5,2,3,4,807.0,242100.0,210627.0,201750.0,8877.0,1/1/2014
589,1,5,3,4,2641.0,52820.0,45953.4,26410.0,19543.4,1/2/2014
590,1,2,3,4,2708.0,54160.0,47119.2,27080.0,20039.2,1/2/2014
591,1,1,3,4,2632.0,921200.0,801444.0,684320.0,117124.0,1/6/2014
592,4,1,3,4,1583.0,197875.0,172151.25,189960.0,-17808.75,1/6/2014
593,3,4,3,4,571.0,6852.0,5961.24,1713.0,4248.24,1/7/2014
594,1,3,3,4,2696.0,18872.0,16418.64,13480.0,2938.64,1/8/2014
595,2,1,3,4,1565.0,23475.0,20423.25,15650.0,4773.25,1/10/2014
596,1,1,3,4,1249.0,24980.0,21732.6,12490.0,9242.6,1/10/2014
597,1,2,3,4,357.0,124950.0,108706.5,92820.0,15886.5,1/11/2014
598,3,2,3,4,1013.0,12156.0,10575.72,3039.0,7536.72,1/12/2014
599,2,3,4,4,3997.5,59962.5,52167.38,39975.0,12192.38,1/1/2014
600,1,1,4,4,2632.0,921200.0,801444.0,684320.0,117124.0,1/6/2014
601,1,3,4,4,1190.0,8330.0,7247.1,5950.0,1297.1,1/6/2014
602,3,4,4,4,604.0,7248.0,6305.76,1812.0,4493.76,1/6/2014
603,2,2,4,4,660.0,9900.0,8613.0,6600.0,2013.0,1/9/2013
604,3,4,4,4,410.0,4920.0,4280.4,1230.0,3050.4,1/10/2014
605,5,4,4,4,2605.0,781500.0,679905.0,651250.0,28655.0,1/11/2013
606,3,2,4,4,1013.0,12156.0,10575.72,3039.0,7536.72,1/12/2014
607,4,1,5,4,1583.0,197875.0,172151.25,189960.0,-17808.75,1/6/2014
608,2,1,5,4,1565.0,23475.0,20423.25,15650.0,4773.25,1/10/2014
609,4,1,6,4,1659.0,207375.0,180416.25,199080.0,-18663.75,1/1/2014
610,1,3,6,4,1190.0,8330.0,7247.1,5950.0,1297.1,1/6/2014
611,3,4,6,4,410.0,4920.0,4280.4,1230.0,3050.4,1/10/2014
612,3,2,6,4,1770.0,21240.0,18478.8,5310.0,13168.8,1/12/2013
613,1,4,1,4,2579.0,51580.0,44358.8,25790.0,18568.8,1/4/2014
614,1,5,1,4,1743.0,34860.0,29979.6,17430.0,12549.6,1/5/2014
615,1,5,1,4,2996.0,20972.0,18035.92,14980.0,3055.92,1/10/2013
616,1,2,1,4,280.0,1960.0,1685.6,1400.0,285.6,1/12/2014
617,1,3,2,4,293.0,2051.0,1763.86,1465.0,298.86,1/2/2014
618,1,5,2,4,2996.0,20972.0,18035.92,14980.0,3055.92,1/10/2013
619,2,2,3,4,278.0,4170.0,3586.2,2780.0,806.2,1/2/2014
620,1,1,3,4,2428.0,48560.0,41761.6,24280.0,17481.6,1/3/2014
621,2,5,3,4,1767.0,26505.0,22794.3,17670.0,5124.3,1/9/2014
622,3,3,3,4,1393.0,16716.0,14375.76,4179.0,10196.76,1/10/2014
623,1,2,5,4,280.0,1960.0,1685.6,1400.0,285.6,1/12/2014
624,3,3,6,4,1393.0,16716.0,14375.76,4179.0,10196.76,1/10/2014
625,3,5,6,4,2015.0,24180.0,20794.8,6045.0,14749.8,1/12/2013
626,5,4,1,4,801.0,240300.0,206658.0,200250.0,6408.0,1/7/2014
627,4,3,1,4,1023.0,127875.0,109972.5,122760.0,-12787.5,1/9/2013
628,5,1,1,4,1496.0,448800.0,385968.0,374000.0,11968.0,1/10/2014
629,5,5,1,4,1010.0,303000.0,260580.0,252500.0,8080.0,1/10/2014
630,2,2,1,4,1513.0,22695.0,19517.7,15130.0,4387.7,1/11/2014
631,2,1,1,4,2300.0,34500.0,29670.0,23000.0,6670.0,1/12/2014
632,4,4,1,4,2821.0,352625.0,303257.5,338520.0,-35262.5,1/12/2013
633,1,1,2,4,2227.5,779625.0,670477.5,579150.0,91327.5,1/1/2014
634,1,2,2,4,1199.0,419650.0,360899.0,311740.0,49159.0,1/4/2014
635,1,1,2,4,200.0,70000.0,60200.0,52000.0,8200.0,1/5/2014
636,1,1,2,4,388.0,2716.0,2335.76,1940.0,395.76,1/9/2014
637,1,4,2,4,1727.0,12089.0,10396.54,8635.0,1761.54,1/10/2013
638,2,1,2,4,2300.0,34500.0,29670.0,23000.0,6670.0,1/12/2014
639,1,4,3,4,260.0,5200.0,4472.0,2600.0,1872.0,1/2/2014
640,2,1,3,4,2470.0,37050.0,31863.0,24700.0,7163.0,1/9/2013
641,2,1,3,4,1743.0,26145.0,22484.7,17430.0,5054.7,1/10/2013
642,3,5,3,4,2914.0,34968.0,30072.48,8742.0,21330.48,1/10/2014
643,1,3,3,4,1731.0,12117.0,10420.62,8655.0,1765.62,1/10/2014
644,1,1,3,4,700.0,245000.0,210700.0,182000.0,28700.0,1/11/2014
645,3,1,3,4,2222.0,26664.0,22931.04,6666.0,16265.04,1/11/2013
646,1,5,3,4,1177.0,411950.0,354277.0,306020.0,48257.0,1/11/2014
647,1,3,3,4,1922.0,672700.0,578522.0,499720.0,78802.0,1/11/2013
648,4,4,4,4,1575.0,196875.0,169312.5,189000.0,-19687.5,1/2/2014
649,1,5,4,4,606.0,12120.0,10423.2,6060.0,4363.2,1/4/2014
650,5,5,4,4,2460.0,738000.0,634680.0,615000.0,19680.0,1/7/2014
651,5,1,4,4,269.0,80700.0,69402.0,67250.0,2152.0,1/10/2013
652,5,2,4,4,2536.0,760800.0,654288.0,634000.0,20288.0,1/11/2013
653,1,4,5,4,2903.0,20321.0,17476.06,14515.0,2961.06,1/3/2014
654,5,5,5,4,2541.0,762300.0,655578.0,635250.0,20328.0,1/8/2014
655,5,1,5,4,269.0,80700.0,69402.0,67250.0,2152.0,1/10/2013
656,5,1,5,4,1496.0,448800.0,385968.0,374000.0,11968.0,1/10/2014
657,5,5,5,4,1010.0,303000.0,260580.0,252500.0,8080.0,1/10/2014
658,1,3,5,4,1281.0,448350.0,385581.0,333060.0,52521.0,1/12/2013
659,5,1,6,4,888.0,266400.0,229104.0,222000.0,7104.0,1/3/2014
660,4,5,6,4,2844.0,355500.0,305730.0,341280.0,-35550.0,1/5/2014
661,3,3,6,4,2475.0,29700.0,25542.0,7425.0,18117.0,1/8/2014
662,2,1,6,4,1743.0,26145.0,22484.7,17430.0,5054.7,1/10/2013
663,3,5,6,4,2914.0,34968.0,30072.48,8742.0,21330.48,1/10/2014
664,1,3,6,4,1731.0,12117.0,10420.62,8655.0,1765.62,1/10/2014
665,1,4,6,4,1727.0,12089.0,10396.54,8635.0,1761.54,1/10/2013
666,2,4,6,4,1870.0,28050.0,24123.0,18700.0,5423.0,1/11/2013
667,4,3,1,4,1174.0,146750.0,124737.5,140880.0,-16142.5,1/8/2014
668,4,2,1,4,2767.0,345875.0,293993.75,332040.0,-38046.25,1/8/2014
669,4,2,1,4,1085.0,135625.0,115281.25,130200.0,-14918.75,1/10/2014
670,5,4,2,4,546.0,163800.0,139230.0,136500.0,2730.0,1/10/2014
671,1,2,3,4,1158.0,23160.0,19686.0,11580.0,8106.0,1/3/2014
672,2,1,3,4,1614.0,24210.0,20578.5,16140.0,4438.5,1/4/2014
673,1,4,3,4,2535.0,17745.0,15083.25,12675.0,2408.25,1/4/2014
674,1,4,3,4,2851.0,997850.0,848172.5,741260.0,106912.5,1/5/2014
675,2,1,3,4,2559.0,38385.0,32627.25,25590.0,7037.25,1/8/2014
676,1,5,3,4,267.0,5340.0,4539.0,2670.0,1869.0,1/10/2013
677,4,2,3,4,1085.0,135625.0,115281.25,130200.0,-14918.75,1/10/2014
678,2,2,3,4,1175.0,17625.0,14981.25,11750.0,3231.25,1/10/2014
679,1,5,3,4,2007.0,702450.0,597082.5,521820.0,75262.5,1/11/2013
680,1,4,3,4,2151.0,752850.0,639922.5,559260.0,80662.5,1/11/2013
681,3,5,3,4,914.0,10968.0,9322.8,2742.0,6580.8,1/12/2014
682,1,3,3,4,293.0,5860.0,4981.0,2930.0,2051.0,1/12/2014
683,3,4,4,4,500.0,6000.0,5100.0,1500.0,3600.0,1/3/2014
684,2,3,4,4,2826.0,42390.0,36031.5,28260.0,7771.5,1/5/2014
685,4,3,4,4,663.0,82875.0,70443.75,79560.0,-9116.25,1/9/2014
686,5,5,4,4,2574.0,772200.0,656370.0,643500.0,12870.0,1/11/2013
687,4,5,4,4,2438.0,304750.0,259037.5,292560.0,-33522.5,1/12/2013
688,3,5,4,4,914.0,10968.0,9322.8,2742.0,6580.8,1/12/2014
689,1,1,5,4,865.5,17310.0,14713.5,8655.0,6058.5,1/7/2014
690,2,2,5,4,492.0,7380.0,6273.0,4920.0,1353.0,1/7/2014
691,1,5,5,4,267.0,5340.0,4539.0,2670.0,1869.0,1/10/2013
692,2,2,5,4,1175.0,17625.0,14981.25,11750.0,3231.25,1/10/2014
693,4,1,5,4,2954.0,369250.0,313862.5,354480.0,-40617.5,1/11/2013
694,4,2,5,4,552.0,69000.0,58650.0,66240.0,-7590.0,1/11/2014
695,1,3,5,4,293.0,5860.0,4981.0,2930.0,2051.0,1/12/2014
696,5,3,6,4,2475.0,742500.0,631125.0,618750.0,12375.0,1/3/2014
697,5,4,6,4,546.0,163800.0,139230.0,136500.0,2730.0,1/10/2014
698,1,4,2,4,1368.0,9576.0,8139.6,6840.0,1299.6,1/2/2014
699,1,1,3,4,723.0,5061.0,4301.85,3615.0,686.85,1/4/2014
700,3,5,5,4,1806.0,21672.0,18421.2,5418.0,13003.2,1/5/2014
